--
-- PostgreSQL database dump
--

-- Dumped from database version 15.7
-- Dumped by pg_dump version 16.3

-- Started on 2024-07-25 20:53:42

SET statement_timeout = 0;
SET lock_timeout = 0;
SET idle_in_transaction_session_timeout = 0;
SET client_encoding = 'UTF8';
SET standard_conforming_strings = on;
SELECT pg_catalog.set_config('search_path', '', false);
SET check_function_bodies = false;
SET xmloption = content;
SET client_min_messages = warning;
SET row_security = off;

SET default_tablespace = '';

SET default_table_access_method = heap;

--
-- TOC entry 221 (class 1259 OID 17941)
-- Name: auth_group; Type: TABLE; Schema: public; Owner: django
--

CREATE TABLE public.auth_group (
    id integer NOT NULL,
    name character varying(150) NOT NULL
);


ALTER TABLE public.auth_group OWNER TO django;

--
-- TOC entry 220 (class 1259 OID 17940)
-- Name: auth_group_id_seq; Type: SEQUENCE; Schema: public; Owner: django
--

ALTER TABLE public.auth_group ALTER COLUMN id ADD GENERATED BY DEFAULT AS IDENTITY (
    SEQUENCE NAME public.auth_group_id_seq
    START WITH 1
    INCREMENT BY 1
    NO MINVALUE
    NO MAXVALUE
    CACHE 1
);


--
-- TOC entry 223 (class 1259 OID 17949)
-- Name: auth_group_permissions; Type: TABLE; Schema: public; Owner: django
--

CREATE TABLE public.auth_group_permissions (
    id bigint NOT NULL,
    group_id integer NOT NULL,
    permission_id integer NOT NULL
);


ALTER TABLE public.auth_group_permissions OWNER TO django;

--
-- TOC entry 222 (class 1259 OID 17948)
-- Name: auth_group_permissions_id_seq; Type: SEQUENCE; Schema: public; Owner: django
--

ALTER TABLE public.auth_group_permissions ALTER COLUMN id ADD GENERATED BY DEFAULT AS IDENTITY (
    SEQUENCE NAME public.auth_group_permissions_id_seq
    START WITH 1
    INCREMENT BY 1
    NO MINVALUE
    NO MAXVALUE
    CACHE 1
);


--
-- TOC entry 219 (class 1259 OID 17935)
-- Name: auth_permission; Type: TABLE; Schema: public; Owner: django
--

CREATE TABLE public.auth_permission (
    id integer NOT NULL,
    name character varying(255) NOT NULL,
    content_type_id integer NOT NULL,
    codename character varying(100) NOT NULL
);


ALTER TABLE public.auth_permission OWNER TO django;

--
-- TOC entry 218 (class 1259 OID 17934)
-- Name: auth_permission_id_seq; Type: SEQUENCE; Schema: public; Owner: django
--

ALTER TABLE public.auth_permission ALTER COLUMN id ADD GENERATED BY DEFAULT AS IDENTITY (
    SEQUENCE NAME public.auth_permission_id_seq
    START WITH 1
    INCREMENT BY 1
    NO MINVALUE
    NO MAXVALUE
    CACHE 1
);


--
-- TOC entry 231 (class 1259 OID 18005)
-- Name: base_article; Type: TABLE; Schema: public; Owner: django
--

CREATE TABLE public.base_article (
    title character varying(200) NOT NULL,
    content text NOT NULL,
    image character varying(100),
    created_at timestamp with time zone NOT NULL,
    updated_at timestamp with time zone NOT NULL,
    _id integer NOT NULL
);


ALTER TABLE public.base_article OWNER TO django;

--
-- TOC entry 230 (class 1259 OID 18004)
-- Name: base_article__id_seq; Type: SEQUENCE; Schema: public; Owner: django
--

ALTER TABLE public.base_article ALTER COLUMN _id ADD GENERATED BY DEFAULT AS IDENTITY (
    SEQUENCE NAME public.base_article__id_seq
    START WITH 1
    INCREMENT BY 1
    NO MINVALUE
    NO MAXVALUE
    CACHE 1
);


--
-- TOC entry 241 (class 1259 OID 18048)
-- Name: base_deliveryaddress; Type: TABLE; Schema: public; Owner: django
--

CREATE TABLE public.base_deliveryaddress (
    city character varying(256),
    "postalCode" character varying(256),
    address character varying(256),
    "shippingPrice" numeric(7,2),
    _id integer NOT NULL,
    order_id integer
);


ALTER TABLE public.base_deliveryaddress OWNER TO django;

--
-- TOC entry 240 (class 1259 OID 18047)
-- Name: base_deliveryaddress__id_seq; Type: SEQUENCE; Schema: public; Owner: django
--

ALTER TABLE public.base_deliveryaddress ALTER COLUMN _id ADD GENERATED BY DEFAULT AS IDENTITY (
    SEQUENCE NAME public.base_deliveryaddress__id_seq
    START WITH 1
    INCREMENT BY 1
    NO MINVALUE
    NO MAXVALUE
    CACHE 1
);


--
-- TOC entry 225 (class 1259 OID 17981)
-- Name: base_myuser; Type: TABLE; Schema: public; Owner: django
--

CREATE TABLE public.base_myuser (
    id bigint NOT NULL,
    password character varying(128) NOT NULL,
    last_login timestamp with time zone,
    email character varying(254) NOT NULL,
    username character varying(150) NOT NULL,
    first_name character varying(150),
    last_name character varying(150),
    is_active boolean NOT NULL,
    is_staff boolean NOT NULL,
    is_superuser boolean NOT NULL,
    date_joined timestamp with time zone NOT NULL,
    reset_password_token character varying(100)
);


ALTER TABLE public.base_myuser OWNER TO django;

--
-- TOC entry 227 (class 1259 OID 17993)
-- Name: base_myuser_groups; Type: TABLE; Schema: public; Owner: django
--

CREATE TABLE public.base_myuser_groups (
    id bigint NOT NULL,
    myuser_id bigint NOT NULL,
    group_id integer NOT NULL
);


ALTER TABLE public.base_myuser_groups OWNER TO django;

--
-- TOC entry 226 (class 1259 OID 17992)
-- Name: base_myuser_groups_id_seq; Type: SEQUENCE; Schema: public; Owner: django
--

ALTER TABLE public.base_myuser_groups ALTER COLUMN id ADD GENERATED BY DEFAULT AS IDENTITY (
    SEQUENCE NAME public.base_myuser_groups_id_seq
    START WITH 1
    INCREMENT BY 1
    NO MINVALUE
    NO MAXVALUE
    CACHE 1
);


--
-- TOC entry 224 (class 1259 OID 17980)
-- Name: base_myuser_id_seq; Type: SEQUENCE; Schema: public; Owner: django
--

ALTER TABLE public.base_myuser ALTER COLUMN id ADD GENERATED BY DEFAULT AS IDENTITY (
    SEQUENCE NAME public.base_myuser_id_seq
    START WITH 1
    INCREMENT BY 1
    NO MINVALUE
    NO MAXVALUE
    CACHE 1
);


--
-- TOC entry 229 (class 1259 OID 17999)
-- Name: base_myuser_user_permissions; Type: TABLE; Schema: public; Owner: django
--

CREATE TABLE public.base_myuser_user_permissions (
    id bigint NOT NULL,
    myuser_id bigint NOT NULL,
    permission_id integer NOT NULL
);


ALTER TABLE public.base_myuser_user_permissions OWNER TO django;

--
-- TOC entry 228 (class 1259 OID 17998)
-- Name: base_myuser_user_permissions_id_seq; Type: SEQUENCE; Schema: public; Owner: django
--

ALTER TABLE public.base_myuser_user_permissions ALTER COLUMN id ADD GENERATED BY DEFAULT AS IDENTITY (
    SEQUENCE NAME public.base_myuser_user_permissions_id_seq
    START WITH 1
    INCREMENT BY 1
    NO MINVALUE
    NO MAXVALUE
    CACHE 1
);


--
-- TOC entry 243 (class 1259 OID 18058)
-- Name: base_myuser_video_courses; Type: TABLE; Schema: public; Owner: django
--

CREATE TABLE public.base_myuser_video_courses (
    id bigint NOT NULL,
    myuser_id bigint NOT NULL,
    videocourse_id integer NOT NULL
);


ALTER TABLE public.base_myuser_video_courses OWNER TO django;

--
-- TOC entry 242 (class 1259 OID 18057)
-- Name: base_myuser_video_courses_id_seq; Type: SEQUENCE; Schema: public; Owner: django
--

ALTER TABLE public.base_myuser_video_courses ALTER COLUMN id ADD GENERATED BY DEFAULT AS IDENTITY (
    SEQUENCE NAME public.base_myuser_video_courses_id_seq
    START WITH 1
    INCREMENT BY 1
    NO MINVALUE
    NO MAXVALUE
    CACHE 1
);


--
-- TOC entry 233 (class 1259 OID 18013)
-- Name: base_order; Type: TABLE; Schema: public; Owner: django
--

CREATE TABLE public.base_order (
    "paymentMethod" character varying(256),
    "deliveryPrice" numeric(7,2),
    "totalPrice" numeric(7,2),
    "isPaid" boolean NOT NULL,
    "paidAt" timestamp with time zone,
    "createdAt" timestamp with time zone NOT NULL,
    _id integer NOT NULL,
    user_id bigint
);


ALTER TABLE public.base_order OWNER TO django;

--
-- TOC entry 232 (class 1259 OID 18012)
-- Name: base_order__id_seq; Type: SEQUENCE; Schema: public; Owner: django
--

ALTER TABLE public.base_order ALTER COLUMN _id ADD GENERATED BY DEFAULT AS IDENTITY (
    SEQUENCE NAME public.base_order__id_seq
    START WITH 1
    INCREMENT BY 1
    NO MINVALUE
    NO MAXVALUE
    CACHE 1
);


--
-- TOC entry 239 (class 1259 OID 18042)
-- Name: base_orderitem; Type: TABLE; Schema: public; Owner: django
--

CREATE TABLE public.base_orderitem (
    name character varying(256),
    quantity integer,
    price numeric(7,2),
    image character varying(200),
    _id integer NOT NULL,
    order_id integer,
    product_id integer
);


ALTER TABLE public.base_orderitem OWNER TO django;

--
-- TOC entry 238 (class 1259 OID 18041)
-- Name: base_orderitem__id_seq; Type: SEQUENCE; Schema: public; Owner: django
--

ALTER TABLE public.base_orderitem ALTER COLUMN _id ADD GENERATED BY DEFAULT AS IDENTITY (
    SEQUENCE NAME public.base_orderitem__id_seq
    START WITH 1
    INCREMENT BY 1
    NO MINVALUE
    NO MAXVALUE
    CACHE 1
);


--
-- TOC entry 235 (class 1259 OID 18019)
-- Name: base_product; Type: TABLE; Schema: public; Owner: django
--

CREATE TABLE public.base_product (
    name character varying(256),
    image character varying(100),
    description text,
    price numeric(7,2),
    "countInStock" integer,
    "createdAt" timestamp with time zone NOT NULL,
    _id integer NOT NULL,
    user_id bigint,
    video_course_id integer
);


ALTER TABLE public.base_product OWNER TO django;

--
-- TOC entry 234 (class 1259 OID 18018)
-- Name: base_product__id_seq; Type: SEQUENCE; Schema: public; Owner: django
--

ALTER TABLE public.base_product ALTER COLUMN _id ADD GENERATED BY DEFAULT AS IDENTITY (
    SEQUENCE NAME public.base_product__id_seq
    START WITH 1
    INCREMENT BY 1
    NO MINVALUE
    NO MAXVALUE
    CACHE 1
);


--
-- TOC entry 237 (class 1259 OID 18027)
-- Name: base_videocourse; Type: TABLE; Schema: public; Owner: django
--

CREATE TABLE public.base_videocourse (
    id integer NOT NULL,
    name character varying(256),
    video_file character varying(100),
    product_id integer
);


ALTER TABLE public.base_videocourse OWNER TO django;

--
-- TOC entry 236 (class 1259 OID 18026)
-- Name: base_videocourse_id_seq; Type: SEQUENCE; Schema: public; Owner: django
--

ALTER TABLE public.base_videocourse ALTER COLUMN id ADD GENERATED BY DEFAULT AS IDENTITY (
    SEQUENCE NAME public.base_videocourse_id_seq
    START WITH 1
    INCREMENT BY 1
    NO MINVALUE
    NO MAXVALUE
    CACHE 1
);


--
-- TOC entry 245 (class 1259 OID 18142)
-- Name: django_admin_log; Type: TABLE; Schema: public; Owner: django
--

CREATE TABLE public.django_admin_log (
    id integer NOT NULL,
    action_time timestamp with time zone NOT NULL,
    object_id text,
    object_repr character varying(200) NOT NULL,
    action_flag smallint NOT NULL,
    change_message text NOT NULL,
    content_type_id integer,
    user_id bigint NOT NULL,
    CONSTRAINT django_admin_log_action_flag_check CHECK ((action_flag >= 0))
);


ALTER TABLE public.django_admin_log OWNER TO django;

--
-- TOC entry 244 (class 1259 OID 18141)
-- Name: django_admin_log_id_seq; Type: SEQUENCE; Schema: public; Owner: django
--

ALTER TABLE public.django_admin_log ALTER COLUMN id ADD GENERATED BY DEFAULT AS IDENTITY (
    SEQUENCE NAME public.django_admin_log_id_seq
    START WITH 1
    INCREMENT BY 1
    NO MINVALUE
    NO MAXVALUE
    CACHE 1
);


--
-- TOC entry 217 (class 1259 OID 17927)
-- Name: django_content_type; Type: TABLE; Schema: public; Owner: django
--

CREATE TABLE public.django_content_type (
    id integer NOT NULL,
    app_label character varying(100) NOT NULL,
    model character varying(100) NOT NULL
);


ALTER TABLE public.django_content_type OWNER TO django;

--
-- TOC entry 216 (class 1259 OID 17926)
-- Name: django_content_type_id_seq; Type: SEQUENCE; Schema: public; Owner: django
--

ALTER TABLE public.django_content_type ALTER COLUMN id ADD GENERATED BY DEFAULT AS IDENTITY (
    SEQUENCE NAME public.django_content_type_id_seq
    START WITH 1
    INCREMENT BY 1
    NO MINVALUE
    NO MAXVALUE
    CACHE 1
);


--
-- TOC entry 215 (class 1259 OID 17919)
-- Name: django_migrations; Type: TABLE; Schema: public; Owner: django
--

CREATE TABLE public.django_migrations (
    id bigint NOT NULL,
    app character varying(255) NOT NULL,
    name character varying(255) NOT NULL,
    applied timestamp with time zone NOT NULL
);


ALTER TABLE public.django_migrations OWNER TO django;

--
-- TOC entry 214 (class 1259 OID 17918)
-- Name: django_migrations_id_seq; Type: SEQUENCE; Schema: public; Owner: django
--

ALTER TABLE public.django_migrations ALTER COLUMN id ADD GENERATED BY DEFAULT AS IDENTITY (
    SEQUENCE NAME public.django_migrations_id_seq
    START WITH 1
    INCREMENT BY 1
    NO MINVALUE
    NO MAXVALUE
    CACHE 1
);


--
-- TOC entry 248 (class 1259 OID 18170)
-- Name: django_session; Type: TABLE; Schema: public; Owner: django
--

CREATE TABLE public.django_session (
    session_key character varying(40) NOT NULL,
    session_data text NOT NULL,
    expire_date timestamp with time zone NOT NULL
);


ALTER TABLE public.django_session OWNER TO django;

--
-- TOC entry 247 (class 1259 OID 18163)
-- Name: live_roommember; Type: TABLE; Schema: public; Owner: django
--

CREATE TABLE public.live_roommember (
    id bigint NOT NULL,
    name character varying(200) NOT NULL,
    uid character varying(200) NOT NULL,
    room_name character varying(200) NOT NULL
);


ALTER TABLE public.live_roommember OWNER TO django;

--
-- TOC entry 246 (class 1259 OID 18162)
-- Name: live_roommember_id_seq; Type: SEQUENCE; Schema: public; Owner: django
--

ALTER TABLE public.live_roommember ALTER COLUMN id ADD GENERATED BY DEFAULT AS IDENTITY (
    SEQUENCE NAME public.live_roommember_id_seq
    START WITH 1
    INCREMENT BY 1
    NO MINVALUE
    NO MAXVALUE
    CACHE 1
);


--
-- TOC entry 3505 (class 0 OID 17941)
-- Dependencies: 221
-- Data for Name: auth_group; Type: TABLE DATA; Schema: public; Owner: django
--

COPY public.auth_group (id, name) FROM stdin;
\.


--
-- TOC entry 3507 (class 0 OID 17949)
-- Dependencies: 223
-- Data for Name: auth_group_permissions; Type: TABLE DATA; Schema: public; Owner: django
--

COPY public.auth_group_permissions (id, group_id, permission_id) FROM stdin;
\.


--
-- TOC entry 3503 (class 0 OID 17935)
-- Dependencies: 219
-- Data for Name: auth_permission; Type: TABLE DATA; Schema: public; Owner: django
--

COPY public.auth_permission (id, name, content_type_id, codename) FROM stdin;
1	Can add log entry	1	add_logentry
2	Can change log entry	1	change_logentry
3	Can delete log entry	1	delete_logentry
4	Can view log entry	1	view_logentry
5	Can add permission	2	add_permission
6	Can change permission	2	change_permission
7	Can delete permission	2	delete_permission
8	Can view permission	2	view_permission
9	Can add group	3	add_group
10	Can change group	3	change_group
11	Can delete group	3	delete_group
12	Can view group	3	view_group
13	Can add content type	4	add_contenttype
14	Can change content type	4	change_contenttype
15	Can delete content type	4	delete_contenttype
16	Can view content type	4	view_contenttype
17	Can add session	5	add_session
18	Can change session	5	change_session
19	Can delete session	5	delete_session
20	Can view session	5	view_session
21	Can add room member	6	add_roommember
22	Can change room member	6	change_roommember
23	Can delete room member	6	delete_roommember
24	Can view room member	6	view_roommember
25	Can add my user	7	add_myuser
26	Can change my user	7	change_myuser
27	Can delete my user	7	delete_myuser
28	Can view my user	7	view_myuser
29	Can add article	8	add_article
30	Can change article	8	change_article
31	Can delete article	8	delete_article
32	Can view article	8	view_article
33	Can add order	9	add_order
34	Can change order	9	change_order
35	Can delete order	9	delete_order
36	Can view order	9	view_order
37	Can add product	10	add_product
38	Can change product	10	change_product
39	Can delete product	10	delete_product
40	Can view product	10	view_product
41	Can add video course	11	add_videocourse
42	Can change video course	11	change_videocourse
43	Can delete video course	11	delete_videocourse
44	Can view video course	11	view_videocourse
45	Can add order item	12	add_orderitem
46	Can change order item	12	change_orderitem
47	Can delete order item	12	delete_orderitem
48	Can view order item	12	view_orderitem
49	Can add delivery address	13	add_deliveryaddress
50	Can change delivery address	13	change_deliveryaddress
51	Can delete delivery address	13	delete_deliveryaddress
52	Can view delivery address	13	view_deliveryaddress
\.


--
-- TOC entry 3515 (class 0 OID 18005)
-- Dependencies: 231
-- Data for Name: base_article; Type: TABLE DATA; Schema: public; Owner: django
--

COPY public.base_article (title, content, image, created_at, updated_at, _id) FROM stdin;
Fusce a augue gravida, dignissim	Lorem ipsum dolor sit amet, consectetur adipiscing elit. Aliquam scelerisque eget tellus nec luctus. Nulla fermentum sollicitudin sapien, in condimentum arcu pellentesque non. Vivamus ipsum lacus, aliquet eu magna a, consectetur consectetur dui. Suspendisse pulvinar eros elit, id consequat enim feugiat ac. Sed non mauris ac turpis aliquet lacinia. Pellentesque varius velit placerat risus malesuada, id ultrices sem lobortis. Vestibulum libero massa, eleifend et aliquam non, molestie eleifend nisi. Integer interdum interdum arcu, sed dictum nisi faucibus at. Class aptent taciti sociosqu ad litora torquent per conubia nostra, per inceptos himenaeos. Nunc vitae pharetra nibh, sit amet vehicula dui. In aliquet tellus auctor facilisis finibus.	drzewo1.jpg	2024-07-24 20:53:00.625818+02	2024-07-24 20:54:58.259927+02	1
Vivamus ullamcorper nisl non	Apellentesque mauris. Sed et egestas sapien. Aliquam vitae augue in ligula cursus dignissim. Suspendisse ac dui et lectus porttitor dapibus. Nullam quis felis justo. Ut sollicitudin enim eu dui interdum molestie. Etiam vehicula pellentesque eleifend. Nulla id orci tempus, ornare sem sed, efficitur turpis. Donec placerat ligula tellus, vel aliquam risus convallis at. Nulla molestie, lectus non laoreet porttitor, enim nisi sagittis mauris, nec imperdiet lectus quam feugiat dui.	drzewo2.jpg	2024-07-24 20:55:00.405782+02	2024-07-24 20:55:25.928595+02	2
Nulla commodo arcu sapien	Duis dapibus ex quam, id accumsan justo pretium ac. Sed vulputate enim nisl, ut sagittis mi lobortis porttitor. Ut sodales sem et leo hendrerit, et accumsan quam dignissim. Nulla volutpat semper lorem, ut sodales arcu venenatis a. Cras lacinia interdum dolor. Integer nec ornare felis. Fusce viverra dictum accumsan. Pellentesque leo ipsum, venenatis quis dolor at, sollicitudin bibendum neque. Morbi feugiat lectus ante, eget consectetur ipsum tristique in.	drzewo3.jpg	2024-07-24 20:55:31.925257+02	2024-07-24 20:55:52.884269+02	3
\.


--
-- TOC entry 3525 (class 0 OID 18048)
-- Dependencies: 241
-- Data for Name: base_deliveryaddress; Type: TABLE DATA; Schema: public; Owner: django
--

COPY public.base_deliveryaddress (city, "postalCode", address, "shippingPrice", _id, order_id) FROM stdin;
\.


--
-- TOC entry 3509 (class 0 OID 17981)
-- Dependencies: 225
-- Data for Name: base_myuser; Type: TABLE DATA; Schema: public; Owner: django
--

COPY public.base_myuser (id, password, last_login, email, username, first_name, last_name, is_active, is_staff, is_superuser, date_joined, reset_password_token) FROM stdin;
1	pbkdf2_sha256$600000$qBf2PFUNKinl3avCx3yCIB$UOdSQ6DB0Y97vZSbe9ueKXrbMHtfjyegy4EUrWDSWwk=	\N	admin@email.com	Admin	Admin	Adminowski	t	t	t	2024-07-24 20:50:28.015752+02	\N
2	pbkdf2_sha256$600000$7YNEyJW0XrIxwoKcF0KO2n$Twx4WZ9vnh3ed5/dh5gKuskQDrrM0N+3ZfCXDevO+nA=	\N	user@email.com	User	User	Userowski	t	f	f	2024-07-24 20:51:58.636586+02	\N
\.


--
-- TOC entry 3511 (class 0 OID 17993)
-- Dependencies: 227
-- Data for Name: base_myuser_groups; Type: TABLE DATA; Schema: public; Owner: django
--

COPY public.base_myuser_groups (id, myuser_id, group_id) FROM stdin;
\.


--
-- TOC entry 3513 (class 0 OID 17999)
-- Dependencies: 229
-- Data for Name: base_myuser_user_permissions; Type: TABLE DATA; Schema: public; Owner: django
--

COPY public.base_myuser_user_permissions (id, myuser_id, permission_id) FROM stdin;
\.


--
-- TOC entry 3527 (class 0 OID 18058)
-- Dependencies: 243
-- Data for Name: base_myuser_video_courses; Type: TABLE DATA; Schema: public; Owner: django
--

COPY public.base_myuser_video_courses (id, myuser_id, videocourse_id) FROM stdin;
\.


--
-- TOC entry 3517 (class 0 OID 18013)
-- Dependencies: 233
-- Data for Name: base_order; Type: TABLE DATA; Schema: public; Owner: django
--

COPY public.base_order ("paymentMethod", "deliveryPrice", "totalPrice", "isPaid", "paidAt", "createdAt", _id, user_id) FROM stdin;
\.


--
-- TOC entry 3523 (class 0 OID 18042)
-- Dependencies: 239
-- Data for Name: base_orderitem; Type: TABLE DATA; Schema: public; Owner: django
--

COPY public.base_orderitem (name, quantity, price, image, _id, order_id, product_id) FROM stdin;
\.


--
-- TOC entry 3519 (class 0 OID 18019)
-- Dependencies: 235
-- Data for Name: base_product; Type: TABLE DATA; Schema: public; Owner: django
--

COPY public.base_product (name, image, description, price, "countInStock", "createdAt", _id, user_id, video_course_id) FROM stdin;
Strumień	strumien.jpg	Nulla eget convallis risus. Praesent diam turpis, convallis nec hendrerit eget, maximus nec nisi. Curabitur molestie rutrum ex vitae faucibus. Morbi quis tellus ut lacus egestas rhoncus. Vivamus sollicitudin, urna sit amet tincidunt blandit, libero risus placerat ligula, vitae convallis nunc mi id enim. Praesent orci lectus, hendrerit id maximus sed, mollis vitae justo. Pellentesque in sem lectus. Nam feugiat ligula bibendum scelerisque accumsan.	50.00	9999	2024-07-24 21:02:10.292206+02	1	1	1
Ptaki	ptaki.jpg	Vivamus vitae vehicula justo, in feugiat felis. Quisque pellentesque sem a quam viverra, ut pharetra nulla facilisis. Maecenas rhoncus sapien sollicitudin, laoreet enim quis, ultrices massa. Sed eleifend, nisi et ornare ullamcorper, tortor nunc posuere arcu, eu blandit libero lorem eget tellus. Nullam lorem dolor, semper a posuere at, elementum eu nisi. Quisque blandit et arcu eget sodales. Nullam ante ipsum, finibus vel mollis et, commodo quis nulla. Duis sodales elit metus, sit amet malesuada urna porta eu. Nullam varius libero vel nulla euismod, vel mattis neque dignissim. Aliquam erat volutpat.	70.00	9999	2024-07-24 21:05:32.591077+02	2	1	2
\.


--
-- TOC entry 3521 (class 0 OID 18027)
-- Dependencies: 237
-- Data for Name: base_videocourse; Type: TABLE DATA; Schema: public; Owner: django
--

COPY public.base_videocourse (id, name, video_file, product_id) FROM stdin;
1	Kurs1	videos/film1.mp4	1
2	Ptaki	videos/film2.mp4	2
\.


--
-- TOC entry 3529 (class 0 OID 18142)
-- Dependencies: 245
-- Data for Name: django_admin_log; Type: TABLE DATA; Schema: public; Owner: django
--

COPY public.django_admin_log (id, action_time, object_id, object_repr, action_flag, change_message, content_type_id, user_id) FROM stdin;
\.


--
-- TOC entry 3501 (class 0 OID 17927)
-- Dependencies: 217
-- Data for Name: django_content_type; Type: TABLE DATA; Schema: public; Owner: django
--

COPY public.django_content_type (id, app_label, model) FROM stdin;
1	admin	logentry
2	auth	permission
3	auth	group
4	contenttypes	contenttype
5	sessions	session
6	live	roommember
7	base	myuser
8	base	article
9	base	order
10	base	product
11	base	videocourse
12	base	orderitem
13	base	deliveryaddress
\.


--
-- TOC entry 3499 (class 0 OID 17919)
-- Dependencies: 215
-- Data for Name: django_migrations; Type: TABLE DATA; Schema: public; Owner: django
--

COPY public.django_migrations (id, app, name, applied) FROM stdin;
1	contenttypes	0001_initial	2024-07-24 20:49:46.15923+02
2	contenttypes	0002_remove_content_type_name	2024-07-24 20:49:46.167738+02
3	auth	0001_initial	2024-07-24 20:49:46.210144+02
4	auth	0002_alter_permission_name_max_length	2024-07-24 20:49:46.214032+02
5	auth	0003_alter_user_email_max_length	2024-07-24 20:49:46.218378+02
6	auth	0004_alter_user_username_opts	2024-07-24 20:49:46.221509+02
7	auth	0005_alter_user_last_login_null	2024-07-24 20:49:46.225085+02
8	auth	0006_require_contenttypes_0002	2024-07-24 20:49:46.226586+02
9	auth	0007_alter_validators_add_error_messages	2024-07-24 20:49:46.230589+02
10	auth	0008_alter_user_username_max_length	2024-07-24 20:49:46.233592+02
11	auth	0009_alter_user_last_name_max_length	2024-07-24 20:49:46.236594+02
12	auth	0010_alter_group_name_max_length	2024-07-24 20:49:46.240597+02
13	auth	0011_update_proxy_permissions	2024-07-24 20:49:46.2441+02
14	auth	0012_alter_user_first_name_max_length	2024-07-24 20:49:46.247604+02
15	auth	0013_alter_user_email	2024-07-24 20:49:46.251106+02
16	auth	0014_alter_user_email_alter_user_username	2024-07-24 20:49:46.257112+02
17	auth	0015_alter_user_email_alter_user_username	2024-07-24 20:49:46.262617+02
18	base	0001_initial	2024-07-24 20:49:46.385367+02
19	admin	0001_initial	2024-07-24 20:49:46.405811+02
20	admin	0002_logentry_remove_auto_add	2024-07-24 20:49:46.412685+02
21	admin	0003_logentry_add_action_flag_choices	2024-07-24 20:49:46.418331+02
22	live	0001_initial	2024-07-24 20:49:46.425809+02
23	sessions	0001_initial	2024-07-24 20:49:46.437566+02
\.


--
-- TOC entry 3532 (class 0 OID 18170)
-- Dependencies: 248
-- Data for Name: django_session; Type: TABLE DATA; Schema: public; Owner: django
--

COPY public.django_session (session_key, session_data, expire_date) FROM stdin;
\.


--
-- TOC entry 3531 (class 0 OID 18163)
-- Dependencies: 247
-- Data for Name: live_roommember; Type: TABLE DATA; Schema: public; Owner: django
--

COPY public.live_roommember (id, name, uid, room_name) FROM stdin;
\.


--
-- TOC entry 3538 (class 0 OID 0)
-- Dependencies: 220
-- Name: auth_group_id_seq; Type: SEQUENCE SET; Schema: public; Owner: django
--

SELECT pg_catalog.setval('public.auth_group_id_seq', 1, false);


--
-- TOC entry 3539 (class 0 OID 0)
-- Dependencies: 222
-- Name: auth_group_permissions_id_seq; Type: SEQUENCE SET; Schema: public; Owner: django
--

SELECT pg_catalog.setval('public.auth_group_permissions_id_seq', 1, false);


--
-- TOC entry 3540 (class 0 OID 0)
-- Dependencies: 218
-- Name: auth_permission_id_seq; Type: SEQUENCE SET; Schema: public; Owner: django
--

SELECT pg_catalog.setval('public.auth_permission_id_seq', 52, true);


--
-- TOC entry 3541 (class 0 OID 0)
-- Dependencies: 230
-- Name: base_article__id_seq; Type: SEQUENCE SET; Schema: public; Owner: django
--

SELECT pg_catalog.setval('public.base_article__id_seq', 3, true);


--
-- TOC entry 3542 (class 0 OID 0)
-- Dependencies: 240
-- Name: base_deliveryaddress__id_seq; Type: SEQUENCE SET; Schema: public; Owner: django
--

SELECT pg_catalog.setval('public.base_deliveryaddress__id_seq', 1, false);


--
-- TOC entry 3543 (class 0 OID 0)
-- Dependencies: 226
-- Name: base_myuser_groups_id_seq; Type: SEQUENCE SET; Schema: public; Owner: django
--

SELECT pg_catalog.setval('public.base_myuser_groups_id_seq', 1, false);


--
-- TOC entry 3544 (class 0 OID 0)
-- Dependencies: 224
-- Name: base_myuser_id_seq; Type: SEQUENCE SET; Schema: public; Owner: django
--

SELECT pg_catalog.setval('public.base_myuser_id_seq', 2, true);


--
-- TOC entry 3545 (class 0 OID 0)
-- Dependencies: 228
-- Name: base_myuser_user_permissions_id_seq; Type: SEQUENCE SET; Schema: public; Owner: django
--

SELECT pg_catalog.setval('public.base_myuser_user_permissions_id_seq', 1, false);


--
-- TOC entry 3546 (class 0 OID 0)
-- Dependencies: 242
-- Name: base_myuser_video_courses_id_seq; Type: SEQUENCE SET; Schema: public; Owner: django
--

SELECT pg_catalog.setval('public.base_myuser_video_courses_id_seq', 1, false);


--
-- TOC entry 3547 (class 0 OID 0)
-- Dependencies: 232
-- Name: base_order__id_seq; Type: SEQUENCE SET; Schema: public; Owner: django
--

SELECT pg_catalog.setval('public.base_order__id_seq', 1, false);


--
-- TOC entry 3548 (class 0 OID 0)
-- Dependencies: 238
-- Name: base_orderitem__id_seq; Type: SEQUENCE SET; Schema: public; Owner: django
--

SELECT pg_catalog.setval('public.base_orderitem__id_seq', 1, false);


--
-- TOC entry 3549 (class 0 OID 0)
-- Dependencies: 234
-- Name: base_product__id_seq; Type: SEQUENCE SET; Schema: public; Owner: django
--

SELECT pg_catalog.setval('public.base_product__id_seq', 2, true);


--
-- TOC entry 3550 (class 0 OID 0)
-- Dependencies: 236
-- Name: base_videocourse_id_seq; Type: SEQUENCE SET; Schema: public; Owner: django
--

SELECT pg_catalog.setval('public.base_videocourse_id_seq', 2, true);


--
-- TOC entry 3551 (class 0 OID 0)
-- Dependencies: 244
-- Name: django_admin_log_id_seq; Type: SEQUENCE SET; Schema: public; Owner: django
--

SELECT pg_catalog.setval('public.django_admin_log_id_seq', 1, false);


--
-- TOC entry 3552 (class 0 OID 0)
-- Dependencies: 216
-- Name: django_content_type_id_seq; Type: SEQUENCE SET; Schema: public; Owner: django
--

SELECT pg_catalog.setval('public.django_content_type_id_seq', 13, true);


--
-- TOC entry 3553 (class 0 OID 0)
-- Dependencies: 214
-- Name: django_migrations_id_seq; Type: SEQUENCE SET; Schema: public; Owner: django
--

SELECT pg_catalog.setval('public.django_migrations_id_seq', 23, true);


--
-- TOC entry 3554 (class 0 OID 0)
-- Dependencies: 246
-- Name: live_roommember_id_seq; Type: SEQUENCE SET; Schema: public; Owner: django
--

SELECT pg_catalog.setval('public.live_roommember_id_seq', 1, false);


--
-- TOC entry 3271 (class 2606 OID 17978)
-- Name: auth_group auth_group_name_key; Type: CONSTRAINT; Schema: public; Owner: django
--

ALTER TABLE ONLY public.auth_group
    ADD CONSTRAINT auth_group_name_key UNIQUE (name);


--
-- TOC entry 3276 (class 2606 OID 17964)
-- Name: auth_group_permissions auth_group_permissions_group_id_permission_id_0cd325b0_uniq; Type: CONSTRAINT; Schema: public; Owner: django
--

ALTER TABLE ONLY public.auth_group_permissions
    ADD CONSTRAINT auth_group_permissions_group_id_permission_id_0cd325b0_uniq UNIQUE (group_id, permission_id);


--
-- TOC entry 3279 (class 2606 OID 17953)
-- Name: auth_group_permissions auth_group_permissions_pkey; Type: CONSTRAINT; Schema: public; Owner: django
--

ALTER TABLE ONLY public.auth_group_permissions
    ADD CONSTRAINT auth_group_permissions_pkey PRIMARY KEY (id);


--
-- TOC entry 3273 (class 2606 OID 17945)
-- Name: auth_group auth_group_pkey; Type: CONSTRAINT; Schema: public; Owner: django
--

ALTER TABLE ONLY public.auth_group
    ADD CONSTRAINT auth_group_pkey PRIMARY KEY (id);


--
-- TOC entry 3266 (class 2606 OID 17955)
-- Name: auth_permission auth_permission_content_type_id_codename_01ab375a_uniq; Type: CONSTRAINT; Schema: public; Owner: django
--

ALTER TABLE ONLY public.auth_permission
    ADD CONSTRAINT auth_permission_content_type_id_codename_01ab375a_uniq UNIQUE (content_type_id, codename);


--
-- TOC entry 3268 (class 2606 OID 17939)
-- Name: auth_permission auth_permission_pkey; Type: CONSTRAINT; Schema: public; Owner: django
--

ALTER TABLE ONLY public.auth_permission
    ADD CONSTRAINT auth_permission_pkey PRIMARY KEY (id);


--
-- TOC entry 3301 (class 2606 OID 18011)
-- Name: base_article base_article_pkey; Type: CONSTRAINT; Schema: public; Owner: django
--

ALTER TABLE ONLY public.base_article
    ADD CONSTRAINT base_article_pkey PRIMARY KEY (_id);


--
-- TOC entry 3319 (class 2606 OID 18056)
-- Name: base_deliveryaddress base_deliveryaddress_order_id_key; Type: CONSTRAINT; Schema: public; Owner: django
--

ALTER TABLE ONLY public.base_deliveryaddress
    ADD CONSTRAINT base_deliveryaddress_order_id_key UNIQUE (order_id);


--
-- TOC entry 3321 (class 2606 OID 18054)
-- Name: base_deliveryaddress base_deliveryaddress_pkey; Type: CONSTRAINT; Schema: public; Owner: django
--

ALTER TABLE ONLY public.base_deliveryaddress
    ADD CONSTRAINT base_deliveryaddress_pkey PRIMARY KEY (_id);


--
-- TOC entry 3282 (class 2606 OID 17989)
-- Name: base_myuser base_myuser_email_key; Type: CONSTRAINT; Schema: public; Owner: django
--

ALTER TABLE ONLY public.base_myuser
    ADD CONSTRAINT base_myuser_email_key UNIQUE (email);


--
-- TOC entry 3291 (class 2606 OID 18066)
-- Name: base_myuser_groups base_myuser_groups_myuser_id_group_id_4640c82a_uniq; Type: CONSTRAINT; Schema: public; Owner: django
--

ALTER TABLE ONLY public.base_myuser_groups
    ADD CONSTRAINT base_myuser_groups_myuser_id_group_id_4640c82a_uniq UNIQUE (myuser_id, group_id);


--
-- TOC entry 3293 (class 2606 OID 17997)
-- Name: base_myuser_groups base_myuser_groups_pkey; Type: CONSTRAINT; Schema: public; Owner: django
--

ALTER TABLE ONLY public.base_myuser_groups
    ADD CONSTRAINT base_myuser_groups_pkey PRIMARY KEY (id);


--
-- TOC entry 3284 (class 2606 OID 17987)
-- Name: base_myuser base_myuser_pkey; Type: CONSTRAINT; Schema: public; Owner: django
--

ALTER TABLE ONLY public.base_myuser
    ADD CONSTRAINT base_myuser_pkey PRIMARY KEY (id);


--
-- TOC entry 3295 (class 2606 OID 18080)
-- Name: base_myuser_user_permissions base_myuser_user_permiss_myuser_id_permission_id_6283ccd3_uniq; Type: CONSTRAINT; Schema: public; Owner: django
--

ALTER TABLE ONLY public.base_myuser_user_permissions
    ADD CONSTRAINT base_myuser_user_permiss_myuser_id_permission_id_6283ccd3_uniq UNIQUE (myuser_id, permission_id);


--
-- TOC entry 3299 (class 2606 OID 18003)
-- Name: base_myuser_user_permissions base_myuser_user_permissions_pkey; Type: CONSTRAINT; Schema: public; Owner: django
--

ALTER TABLE ONLY public.base_myuser_user_permissions
    ADD CONSTRAINT base_myuser_user_permissions_pkey PRIMARY KEY (id);


--
-- TOC entry 3287 (class 2606 OID 17991)
-- Name: base_myuser base_myuser_username_key; Type: CONSTRAINT; Schema: public; Owner: django
--

ALTER TABLE ONLY public.base_myuser
    ADD CONSTRAINT base_myuser_username_key UNIQUE (username);


--
-- TOC entry 3323 (class 2606 OID 18128)
-- Name: base_myuser_video_courses base_myuser_video_course_myuser_id_videocourse_id_129cd310_uniq; Type: CONSTRAINT; Schema: public; Owner: django
--

ALTER TABLE ONLY public.base_myuser_video_courses
    ADD CONSTRAINT base_myuser_video_course_myuser_id_videocourse_id_129cd310_uniq UNIQUE (myuser_id, videocourse_id);


--
-- TOC entry 3326 (class 2606 OID 18062)
-- Name: base_myuser_video_courses base_myuser_video_courses_pkey; Type: CONSTRAINT; Schema: public; Owner: django
--

ALTER TABLE ONLY public.base_myuser_video_courses
    ADD CONSTRAINT base_myuser_video_courses_pkey PRIMARY KEY (id);


--
-- TOC entry 3303 (class 2606 OID 18017)
-- Name: base_order base_order_pkey; Type: CONSTRAINT; Schema: public; Owner: django
--

ALTER TABLE ONLY public.base_order
    ADD CONSTRAINT base_order_pkey PRIMARY KEY (_id);


--
-- TOC entry 3316 (class 2606 OID 18046)
-- Name: base_orderitem base_orderitem_pkey; Type: CONSTRAINT; Schema: public; Owner: django
--

ALTER TABLE ONLY public.base_orderitem
    ADD CONSTRAINT base_orderitem_pkey PRIMARY KEY (_id);


--
-- TOC entry 3306 (class 2606 OID 18025)
-- Name: base_product base_product_pkey; Type: CONSTRAINT; Schema: public; Owner: django
--

ALTER TABLE ONLY public.base_product
    ADD CONSTRAINT base_product_pkey PRIMARY KEY (_id);


--
-- TOC entry 3309 (class 2606 OID 18035)
-- Name: base_product base_product_video_course_id_key; Type: CONSTRAINT; Schema: public; Owner: django
--

ALTER TABLE ONLY public.base_product
    ADD CONSTRAINT base_product_video_course_id_key UNIQUE (video_course_id);


--
-- TOC entry 3311 (class 2606 OID 18031)
-- Name: base_videocourse base_videocourse_pkey; Type: CONSTRAINT; Schema: public; Owner: django
--

ALTER TABLE ONLY public.base_videocourse
    ADD CONSTRAINT base_videocourse_pkey PRIMARY KEY (id);


--
-- TOC entry 3313 (class 2606 OID 18033)
-- Name: base_videocourse base_videocourse_product_id_key; Type: CONSTRAINT; Schema: public; Owner: django
--

ALTER TABLE ONLY public.base_videocourse
    ADD CONSTRAINT base_videocourse_product_id_key UNIQUE (product_id);


--
-- TOC entry 3330 (class 2606 OID 18149)
-- Name: django_admin_log django_admin_log_pkey; Type: CONSTRAINT; Schema: public; Owner: django
--

ALTER TABLE ONLY public.django_admin_log
    ADD CONSTRAINT django_admin_log_pkey PRIMARY KEY (id);


--
-- TOC entry 3261 (class 2606 OID 17933)
-- Name: django_content_type django_content_type_app_label_model_76bd3d3b_uniq; Type: CONSTRAINT; Schema: public; Owner: django
--

ALTER TABLE ONLY public.django_content_type
    ADD CONSTRAINT django_content_type_app_label_model_76bd3d3b_uniq UNIQUE (app_label, model);


--
-- TOC entry 3263 (class 2606 OID 17931)
-- Name: django_content_type django_content_type_pkey; Type: CONSTRAINT; Schema: public; Owner: django
--

ALTER TABLE ONLY public.django_content_type
    ADD CONSTRAINT django_content_type_pkey PRIMARY KEY (id);


--
-- TOC entry 3259 (class 2606 OID 17925)
-- Name: django_migrations django_migrations_pkey; Type: CONSTRAINT; Schema: public; Owner: django
--

ALTER TABLE ONLY public.django_migrations
    ADD CONSTRAINT django_migrations_pkey PRIMARY KEY (id);


--
-- TOC entry 3336 (class 2606 OID 18176)
-- Name: django_session django_session_pkey; Type: CONSTRAINT; Schema: public; Owner: django
--

ALTER TABLE ONLY public.django_session
    ADD CONSTRAINT django_session_pkey PRIMARY KEY (session_key);


--
-- TOC entry 3333 (class 2606 OID 18169)
-- Name: live_roommember live_roommember_pkey; Type: CONSTRAINT; Schema: public; Owner: django
--

ALTER TABLE ONLY public.live_roommember
    ADD CONSTRAINT live_roommember_pkey PRIMARY KEY (id);


--
-- TOC entry 3269 (class 1259 OID 17979)
-- Name: auth_group_name_a6ea08ec_like; Type: INDEX; Schema: public; Owner: django
--

CREATE INDEX auth_group_name_a6ea08ec_like ON public.auth_group USING btree (name varchar_pattern_ops);


--
-- TOC entry 3274 (class 1259 OID 17975)
-- Name: auth_group_permissions_group_id_b120cbf9; Type: INDEX; Schema: public; Owner: django
--

CREATE INDEX auth_group_permissions_group_id_b120cbf9 ON public.auth_group_permissions USING btree (group_id);


--
-- TOC entry 3277 (class 1259 OID 17976)
-- Name: auth_group_permissions_permission_id_84c5c92e; Type: INDEX; Schema: public; Owner: django
--

CREATE INDEX auth_group_permissions_permission_id_84c5c92e ON public.auth_group_permissions USING btree (permission_id);


--
-- TOC entry 3264 (class 1259 OID 17961)
-- Name: auth_permission_content_type_id_2f476e4b; Type: INDEX; Schema: public; Owner: django
--

CREATE INDEX auth_permission_content_type_id_2f476e4b ON public.auth_permission USING btree (content_type_id);


--
-- TOC entry 3280 (class 1259 OID 18063)
-- Name: base_myuser_email_e6736625_like; Type: INDEX; Schema: public; Owner: django
--

CREATE INDEX base_myuser_email_e6736625_like ON public.base_myuser USING btree (email varchar_pattern_ops);


--
-- TOC entry 3288 (class 1259 OID 18078)
-- Name: base_myuser_groups_group_id_1b957953; Type: INDEX; Schema: public; Owner: django
--

CREATE INDEX base_myuser_groups_group_id_1b957953 ON public.base_myuser_groups USING btree (group_id);


--
-- TOC entry 3289 (class 1259 OID 18077)
-- Name: base_myuser_groups_myuser_id_3f01fc0b; Type: INDEX; Schema: public; Owner: django
--

CREATE INDEX base_myuser_groups_myuser_id_3f01fc0b ON public.base_myuser_groups USING btree (myuser_id);


--
-- TOC entry 3296 (class 1259 OID 18091)
-- Name: base_myuser_user_permissions_myuser_id_5316f4a8; Type: INDEX; Schema: public; Owner: django
--

CREATE INDEX base_myuser_user_permissions_myuser_id_5316f4a8 ON public.base_myuser_user_permissions USING btree (myuser_id);


--
-- TOC entry 3297 (class 1259 OID 18092)
-- Name: base_myuser_user_permissions_permission_id_f1f9e9fc; Type: INDEX; Schema: public; Owner: django
--

CREATE INDEX base_myuser_user_permissions_permission_id_f1f9e9fc ON public.base_myuser_user_permissions USING btree (permission_id);


--
-- TOC entry 3285 (class 1259 OID 18064)
-- Name: base_myuser_username_273594eb_like; Type: INDEX; Schema: public; Owner: django
--

CREATE INDEX base_myuser_username_273594eb_like ON public.base_myuser USING btree (username varchar_pattern_ops);


--
-- TOC entry 3324 (class 1259 OID 18139)
-- Name: base_myuser_video_courses_myuser_id_94fd118e; Type: INDEX; Schema: public; Owner: django
--

CREATE INDEX base_myuser_video_courses_myuser_id_94fd118e ON public.base_myuser_video_courses USING btree (myuser_id);


--
-- TOC entry 3327 (class 1259 OID 18140)
-- Name: base_myuser_video_courses_videocourse_id_63fc82b4; Type: INDEX; Schema: public; Owner: django
--

CREATE INDEX base_myuser_video_courses_videocourse_id_63fc82b4 ON public.base_myuser_video_courses USING btree (videocourse_id);


--
-- TOC entry 3304 (class 1259 OID 18098)
-- Name: base_order_user_id_8ad0adec; Type: INDEX; Schema: public; Owner: django
--

CREATE INDEX base_order_user_id_8ad0adec ON public.base_order USING btree (user_id);


--
-- TOC entry 3314 (class 1259 OID 18120)
-- Name: base_orderitem_order_id_aaa7f08a; Type: INDEX; Schema: public; Owner: django
--

CREATE INDEX base_orderitem_order_id_aaa7f08a ON public.base_orderitem USING btree (order_id);


--
-- TOC entry 3317 (class 1259 OID 18121)
-- Name: base_orderitem_product_id_397c77c4; Type: INDEX; Schema: public; Owner: django
--

CREATE INDEX base_orderitem_product_id_397c77c4 ON public.base_orderitem USING btree (product_id);


--
-- TOC entry 3307 (class 1259 OID 18104)
-- Name: base_product_user_id_95204f5a; Type: INDEX; Schema: public; Owner: django
--

CREATE INDEX base_product_user_id_95204f5a ON public.base_product USING btree (user_id);


--
-- TOC entry 3328 (class 1259 OID 18160)
-- Name: django_admin_log_content_type_id_c4bce8eb; Type: INDEX; Schema: public; Owner: django
--

CREATE INDEX django_admin_log_content_type_id_c4bce8eb ON public.django_admin_log USING btree (content_type_id);


--
-- TOC entry 3331 (class 1259 OID 18161)
-- Name: django_admin_log_user_id_c564eba6; Type: INDEX; Schema: public; Owner: django
--

CREATE INDEX django_admin_log_user_id_c564eba6 ON public.django_admin_log USING btree (user_id);


--
-- TOC entry 3334 (class 1259 OID 18178)
-- Name: django_session_expire_date_a5c62663; Type: INDEX; Schema: public; Owner: django
--

CREATE INDEX django_session_expire_date_a5c62663 ON public.django_session USING btree (expire_date);


--
-- TOC entry 3337 (class 1259 OID 18177)
-- Name: django_session_session_key_c0390e0f_like; Type: INDEX; Schema: public; Owner: django
--

CREATE INDEX django_session_session_key_c0390e0f_like ON public.django_session USING btree (session_key varchar_pattern_ops);


--
-- TOC entry 3339 (class 2606 OID 17970)
-- Name: auth_group_permissions auth_group_permissio_permission_id_84c5c92e_fk_auth_perm; Type: FK CONSTRAINT; Schema: public; Owner: django
--

ALTER TABLE ONLY public.auth_group_permissions
    ADD CONSTRAINT auth_group_permissio_permission_id_84c5c92e_fk_auth_perm FOREIGN KEY (permission_id) REFERENCES public.auth_permission(id) DEFERRABLE INITIALLY DEFERRED;


--
-- TOC entry 3340 (class 2606 OID 17965)
-- Name: auth_group_permissions auth_group_permissions_group_id_b120cbf9_fk_auth_group_id; Type: FK CONSTRAINT; Schema: public; Owner: django
--

ALTER TABLE ONLY public.auth_group_permissions
    ADD CONSTRAINT auth_group_permissions_group_id_b120cbf9_fk_auth_group_id FOREIGN KEY (group_id) REFERENCES public.auth_group(id) DEFERRABLE INITIALLY DEFERRED;


--
-- TOC entry 3338 (class 2606 OID 17956)
-- Name: auth_permission auth_permission_content_type_id_2f476e4b_fk_django_co; Type: FK CONSTRAINT; Schema: public; Owner: django
--

ALTER TABLE ONLY public.auth_permission
    ADD CONSTRAINT auth_permission_content_type_id_2f476e4b_fk_django_co FOREIGN KEY (content_type_id) REFERENCES public.django_content_type(id) DEFERRABLE INITIALLY DEFERRED;


--
-- TOC entry 3351 (class 2606 OID 18122)
-- Name: base_deliveryaddress base_deliveryaddress_order_id_e1291817_fk_base_order__id; Type: FK CONSTRAINT; Schema: public; Owner: django
--

ALTER TABLE ONLY public.base_deliveryaddress
    ADD CONSTRAINT base_deliveryaddress_order_id_e1291817_fk_base_order__id FOREIGN KEY (order_id) REFERENCES public.base_order(_id) DEFERRABLE INITIALLY DEFERRED;


--
-- TOC entry 3341 (class 2606 OID 18072)
-- Name: base_myuser_groups base_myuser_groups_group_id_1b957953_fk_auth_group_id; Type: FK CONSTRAINT; Schema: public; Owner: django
--

ALTER TABLE ONLY public.base_myuser_groups
    ADD CONSTRAINT base_myuser_groups_group_id_1b957953_fk_auth_group_id FOREIGN KEY (group_id) REFERENCES public.auth_group(id) DEFERRABLE INITIALLY DEFERRED;


--
-- TOC entry 3342 (class 2606 OID 18067)
-- Name: base_myuser_groups base_myuser_groups_myuser_id_3f01fc0b_fk_base_myuser_id; Type: FK CONSTRAINT; Schema: public; Owner: django
--

ALTER TABLE ONLY public.base_myuser_groups
    ADD CONSTRAINT base_myuser_groups_myuser_id_3f01fc0b_fk_base_myuser_id FOREIGN KEY (myuser_id) REFERENCES public.base_myuser(id) DEFERRABLE INITIALLY DEFERRED;


--
-- TOC entry 3343 (class 2606 OID 18081)
-- Name: base_myuser_user_permissions base_myuser_user_per_myuser_id_5316f4a8_fk_base_myus; Type: FK CONSTRAINT; Schema: public; Owner: django
--

ALTER TABLE ONLY public.base_myuser_user_permissions
    ADD CONSTRAINT base_myuser_user_per_myuser_id_5316f4a8_fk_base_myus FOREIGN KEY (myuser_id) REFERENCES public.base_myuser(id) DEFERRABLE INITIALLY DEFERRED;


--
-- TOC entry 3344 (class 2606 OID 18086)
-- Name: base_myuser_user_permissions base_myuser_user_per_permission_id_f1f9e9fc_fk_auth_perm; Type: FK CONSTRAINT; Schema: public; Owner: django
--

ALTER TABLE ONLY public.base_myuser_user_permissions
    ADD CONSTRAINT base_myuser_user_per_permission_id_f1f9e9fc_fk_auth_perm FOREIGN KEY (permission_id) REFERENCES public.auth_permission(id) DEFERRABLE INITIALLY DEFERRED;


--
-- TOC entry 3352 (class 2606 OID 18134)
-- Name: base_myuser_video_courses base_myuser_video_co_videocourse_id_63fc82b4_fk_base_vide; Type: FK CONSTRAINT; Schema: public; Owner: django
--

ALTER TABLE ONLY public.base_myuser_video_courses
    ADD CONSTRAINT base_myuser_video_co_videocourse_id_63fc82b4_fk_base_vide FOREIGN KEY (videocourse_id) REFERENCES public.base_videocourse(id) DEFERRABLE INITIALLY DEFERRED;


--
-- TOC entry 3353 (class 2606 OID 18129)
-- Name: base_myuser_video_courses base_myuser_video_courses_myuser_id_94fd118e_fk_base_myuser_id; Type: FK CONSTRAINT; Schema: public; Owner: django
--

ALTER TABLE ONLY public.base_myuser_video_courses
    ADD CONSTRAINT base_myuser_video_courses_myuser_id_94fd118e_fk_base_myuser_id FOREIGN KEY (myuser_id) REFERENCES public.base_myuser(id) DEFERRABLE INITIALLY DEFERRED;


--
-- TOC entry 3345 (class 2606 OID 18093)
-- Name: base_order base_order_user_id_8ad0adec_fk_base_myuser_id; Type: FK CONSTRAINT; Schema: public; Owner: django
--

ALTER TABLE ONLY public.base_order
    ADD CONSTRAINT base_order_user_id_8ad0adec_fk_base_myuser_id FOREIGN KEY (user_id) REFERENCES public.base_myuser(id) DEFERRABLE INITIALLY DEFERRED;


--
-- TOC entry 3349 (class 2606 OID 18110)
-- Name: base_orderitem base_orderitem_order_id_aaa7f08a_fk_base_order__id; Type: FK CONSTRAINT; Schema: public; Owner: django
--

ALTER TABLE ONLY public.base_orderitem
    ADD CONSTRAINT base_orderitem_order_id_aaa7f08a_fk_base_order__id FOREIGN KEY (order_id) REFERENCES public.base_order(_id) DEFERRABLE INITIALLY DEFERRED;


--
-- TOC entry 3350 (class 2606 OID 18115)
-- Name: base_orderitem base_orderitem_product_id_397c77c4_fk_base_product__id; Type: FK CONSTRAINT; Schema: public; Owner: django
--

ALTER TABLE ONLY public.base_orderitem
    ADD CONSTRAINT base_orderitem_product_id_397c77c4_fk_base_product__id FOREIGN KEY (product_id) REFERENCES public.base_product(_id) DEFERRABLE INITIALLY DEFERRED;


--
-- TOC entry 3346 (class 2606 OID 18099)
-- Name: base_product base_product_user_id_95204f5a_fk_base_myuser_id; Type: FK CONSTRAINT; Schema: public; Owner: django
--

ALTER TABLE ONLY public.base_product
    ADD CONSTRAINT base_product_user_id_95204f5a_fk_base_myuser_id FOREIGN KEY (user_id) REFERENCES public.base_myuser(id) DEFERRABLE INITIALLY DEFERRED;


--
-- TOC entry 3347 (class 2606 OID 18036)
-- Name: base_product base_product_video_course_id_7c1f1cf7_fk_base_videocourse_id; Type: FK CONSTRAINT; Schema: public; Owner: django
--

ALTER TABLE ONLY public.base_product
    ADD CONSTRAINT base_product_video_course_id_7c1f1cf7_fk_base_videocourse_id FOREIGN KEY (video_course_id) REFERENCES public.base_videocourse(id) DEFERRABLE INITIALLY DEFERRED;


--
-- TOC entry 3348 (class 2606 OID 18105)
-- Name: base_videocourse base_videocourse_product_id_93ff37c4_fk_base_product__id; Type: FK CONSTRAINT; Schema: public; Owner: django
--

ALTER TABLE ONLY public.base_videocourse
    ADD CONSTRAINT base_videocourse_product_id_93ff37c4_fk_base_product__id FOREIGN KEY (product_id) REFERENCES public.base_product(_id) DEFERRABLE INITIALLY DEFERRED;


--
-- TOC entry 3354 (class 2606 OID 18150)
-- Name: django_admin_log django_admin_log_content_type_id_c4bce8eb_fk_django_co; Type: FK CONSTRAINT; Schema: public; Owner: django
--

ALTER TABLE ONLY public.django_admin_log
    ADD CONSTRAINT django_admin_log_content_type_id_c4bce8eb_fk_django_co FOREIGN KEY (content_type_id) REFERENCES public.django_content_type(id) DEFERRABLE INITIALLY DEFERRED;


--
-- TOC entry 3355 (class 2606 OID 18155)
-- Name: django_admin_log django_admin_log_user_id_c564eba6_fk_base_myuser_id; Type: FK CONSTRAINT; Schema: public; Owner: django
--

ALTER TABLE ONLY public.django_admin_log
    ADD CONSTRAINT django_admin_log_user_id_c564eba6_fk_base_myuser_id FOREIGN KEY (user_id) REFERENCES public.base_myuser(id) DEFERRABLE INITIALLY DEFERRED;


-- Completed on 2024-07-25 20:53:42

--
-- PostgreSQL database dump complete
--

